[
  {
    "name": "9",
    "count": 1
  },
  {
    "name": "g",
    "count": 1
  },
  {
    "name": "j",
    "count": 1
  },
  {
    "name": "(",
    "count": 1
  },
  {
    "name": "t",
    "count": 1
  },
  {
    "name": "!",
    "count": 1
  },
  {
    "name": "2",
    "count": 2
  },
  {
    "name": "6",
    "count": 2
  },
  {
    "name": "v",
    "count": 2
  },
  {
    "name": "a",
    "count": 2
  },
  {
    "name": "ö",
    "count": 2
  },
  {
    "name": "?",
    "count": 2
  },
  {
    "name": ",",
    "count": 2
  },
  {
    "name": "x",
    "count": 3
  },
  {
    "name": "w",
    "count": 3
  },
  {
    "name": "u",
    "count": 4
  },
  {
    "name": "1",
    "count": 6
  },
  {
    "name": "f",
    "count": 6
  },
  {
    "name": "m",
    "count": 6
  },
  {
    "name": "n",
    "count": 8
  },
  {
    "name": "e",
    "count": 9
  },
  {
    "name": "i",
    "count": 10
  },
  {
    "name": "s",
    "count": 11
  },
  {
    "name": "z",
    "count": 11
  },
  {
    "name": "─",
    "count": 11
  },
  {
    "name": "|",
    "count": 15
  },
  {
    "name": "l",
    "count": 17
  },
  {
    "name": "o",
    "count": 27
  },
  {
    "name": "ô",
    "count": 33
  },
  {
    "name": ":",
    "count": 35
  },
  {
    "name": "r",
    "count": 36
  },
  {
    "name": " ",
    "count": 261
  },
  {
    "name": "ê",
    "count": 2452
  },
  {
    "name": "",
    "count": 38342
  }
]