[
  {
    "name": "Haselbg. BöW",
    "count": 1,
    "params": [
      769
    ]
  },
  {
    "name": "Grossdf. WUng. [2o/2.]********************",
    "count": 1,
    "params": [
      291
    ]
  },
  {
    "name": "Tschechen Wisch. [3o/2.]",
    "count": 1,
    "params": [
      589
    ]
  },
  {
    "name": "Brünnl SBö. [2o/2.]",
    "count": 1,
    "params": [
      730
    ]
  },
  {
    "name": "Pernau WUng. [4o/1.]",
    "count": 1,
    "params": [
      19994,
      304
    ]
  },
  {
    "name": "Ödenb-g. WUng.",
    "count": 1,
    "params": [
      19985,
      294
    ]
  },
  {
    "name": "Theusing Egerl. [2o/1.]",
    "count": 1,
    "params": [
      1201,
      738
    ]
  },
  {
    "name": "Leskau Egerl. [2o/2.]",
    "count": 1,
    "params": [
      18822,
      526
    ]
  },
  {
    "name": "Chrobold BöW [2o/2.]",
    "count": 1,
    "params": [
      19337,
      365
    ]
  },
  {
    "name": "Ljetzan Dreiz.Gm.",
    "count": 1,
    "params": [
      185
    ]
  },
  {
    "name": "Umg. Villach Kä.",
    "count": 1,
    "params": [
      19351,
      2868
    ]
  },
  {
    "name": "Grünau NÖ [3o/3.]",
    "count": 1,
    "params": [
      19169,
      1622
    ]
  },
  {
    "name": "Theusing Egerl. [3o/1.]",
    "count": 1,
    "params": [
      1201,
      738
    ]
  },
  {
    "name": "Chodau Egerl. [3o/2.]",
    "count": 1,
    "params": [
      18664,
      363
    ]
  },
  {
    "name": "Karlsbad Egerl. [3o/3.]",
    "count": 1,
    "params": [
      478
    ]
  },
  {
    "name": "Rosenbg. SBö. (Tschech.)",
    "count": 1,
    "params": [
      970,
      667
    ]
  },
  {
    "name": "Chrobold BöW",
    "count": 1,
    "params": [
      19337,
      365
    ]
  },
  {
    "name": "Poschetzau Egerl. [2o/1.]",
    "count": 1,
    "params": [
      19810,
      640
    ]
  },
  {
    "name": "Hohenfurth SBö. [2o/2.]",
    "count": 1,
    "params": [
      18758,
      456
    ]
  },
  {
    "name": "Pohrlitz SMä.",
    "count": 1,
    "params": [
      634
    ]
  },
  {
    "name": "Auspitz SMä.",
    "count": 1,
    "params": [
      340
    ]
  },
  {
    "name": "Pulgram SMä.",
    "count": 1,
    "params": [
      19531,
      654
    ]
  },
  {
    "name": "Unter-Moldau SBö. [6o/1.]",
    "count": 1,
    "params": [
      707
    ]
  },
  {
    "name": "Hüttenhf. BöW [6o/2.]",
    "count": 1,
    "params": [
      705
    ]
  },
  {
    "name": "Pernau WUng. [4o/3.]",
    "count": 1,
    "params": [
      19994,
      304
    ]
  },
  {
    "name": "Dt.Reichenau SBö. [6o/3.]",
    "count": 1,
    "params": [
      19582,
      730
    ]
  },
  {
    "name": "Schönbg. BöW [6o/5.]",
    "count": 1,
    "params": [
      19007,
      750
    ]
  },
  {
    "name": "Völs STir. [2o/1.]",
    "count": 1,
    "params": [
      19975,
      264
    ]
  },
  {
    "name": "Bö.Röhren BöW [2o/1.]",
    "count": 1,
    "params": [
      19002,
      750
    ]
  },
  {
    "name": "Schönbg. BöW [2o/2.]",
    "count": 1,
    "params": [
      19007,
      750
    ]
  },
  {
    "name": "Gurdau SMä. [2o/1.]",
    "count": 1,
    "params": [
      332,
      434
    ]
  },
  {
    "name": "Leitersbg. Slow.",
    "count": 1,
    "params": [
      279
    ]
  },
  {
    "name": "Umg.Abstall Slow.",
    "count": 1,
    "params": [
      279
    ]
  },
  {
    "name": "Hohenfurth SBö.===== ?",
    "count": 1,
    "params": [
      18758,
      456
    ]
  },
  {
    "name": "Umg.Graz St. [2o/1.]",
    "count": 1,
    "params": [
      19298,
      1373
    ]
  },
  {
    "name": "Auspitz SMä. [3o/1.]",
    "count": 1,
    "params": [
      340
    ]
  },
  {
    "name": "Wojkowitz SMä. [3o/2.]",
    "count": 1,
    "params": [
      19626,
      784
    ]
  },
  {
    "name": "Pausram SMä. [3o/3.]",
    "count": 1,
    "params": [
      833,
      617
    ]
  },
  {
    "name": "Irritz SMä. [4o/3.]",
    "count": 1,
    "params": [
      19409,
      465
    ]
  },
  {
    "name": "Guldenfurt SMä. [4o/4.]",
    "count": 1,
    "params": [
      19388,
      432
    ]
  },
  {
    "name": "Prachatitz BöW [2o/1.]",
    "count": 1,
    "params": [
      19522,
      642
    ]
  },
  {
    "name": "Hodowitz Bud. [2o/2.]",
    "count": 1,
    "params": [
      19745,
      453
    ]
  },
  {
    "name": "Gratzen SBö. [2o/2.]",
    "count": 1,
    "params": [
      301,
      428
    ]
  },
  {
    "name": "Graz St. [3o/2.]",
    "count": 1,
    "params": [
      19298,
      1373
    ]
  },
  {
    "name": "Radeinles SBö.",
    "count": 2,
    "params": [
      19534,
      583
    ]
  },
  {
    "name": "Brünn/St. Brünn (Tschech.)",
    "count": 2,
    "params": [
      359
    ]
  },
  {
    "name": "Mödlau SMä. [2o/2.]",
    "count": 2,
    "params": [
      687,
      564
    ]
  },
  {
    "name": "Sirtz Ung.",
    "count": 2,
    "params": [
      19306,
      309
    ]
  },
  {
    "name": "Nikolsb-g. SMä. [2o/2.]",
    "count": 2,
    "params": [
      19488,
      596
    ]
  },
  {
    "name": "Hosterlitz SMä.",
    "count": 2,
    "params": [
      19405,
      461
    ]
  },
  {
    "name": "(Umg.) Christianbg. BöW",
    "count": 2,
    "params": [
      104,
      364
    ]
  },
  {
    "name": "Völs STir.",
    "count": 2,
    "params": [
      19975,
      264
    ]
  },
  {
    "name": "Nesselt. Gott. [2o/1.]",
    "count": 2,
    "params": [
      127
    ]
  },
  {
    "name": "Stockendf. Gott. [2o/2.]",
    "count": 2,
    "params": [
      110
    ]
  },
  {
    "name": "slow. (1894)****",
    "count": 2,
    "params": [
      463,
      469
    ]
  },
  {
    "name": "Pernau WUng. [2o/1.]",
    "count": 2,
    "params": [
      19994,
      304
    ]
  },
  {
    "name": "Rieg Gott.",
    "count": 3,
    "params": [
      120
    ]
  },
  {
    "name": "Wojkowitz SMä. [4o/3.]",
    "count": 3,
    "params": [
      19626,
      784
    ]
  },
  {
    "name": "Auspitz SMä. [4o/4.]",
    "count": 3,
    "params": [
      340
    ]
  },
  {
    "name": "Wadetstift SBö.",
    "count": 3,
    "params": [
      19613,
      405
    ]
  },
  {
    "name": "Ober-Zassau BöW",
    "count": 3,
    "params": [
      19003,
      750
    ]
  },
  {
    "name": "Grossdf. WUng. [3o/3.]",
    "count": 3,
    "params": [
      291
    ]
  },
  {
    "name": "Cachrau BöW",
    "count": 3,
    "params": [
      18658,
      361
    ]
  },
  {
    "name": "Vöran STir.",
    "count": 3,
    "params": [
      19976,
      265
    ]
  },
  {
    "name": "Lanz Egerl.",
    "count": 4,
    "params": [
      519
    ]
  },
  {
    "name": "Graz St. [3o/1.]",
    "count": 4,
    "params": [
      19298,
      1373
    ]
  },
  {
    "name": "Dobrzan Egerl.",
    "count": 4,
    "params": [
      371
    ]
  },
  {
    "name": "Frauent./L. St.",
    "count": 4,
    "params": [
      18982,
      731
    ]
  },
  {
    "name": "Hüttenhf. BöW",
    "count": 4,
    "params": [
      705
    ]
  },
  {
    "name": "Graz St. [2o/2.]",
    "count": 4,
    "params": [
      19298,
      1373
    ]
  },
  {
    "name": "Mödritz Brünn [2o/2.]",
    "count": 4,
    "params": [
      877,
      565
    ]
  },
  {
    "name": "Schöllschitz Brünn [2o/1.]",
    "count": 6,
    "params": [
      1024,
      692
    ]
  },
  {
    "name": "Gesen BöW",
    "count": 6,
    "params": [
      361
    ]
  },
  {
    "name": "Grossdf. WUng. [3o/2.]",
    "count": 6,
    "params": [
      19983,
      291
    ]
  },
  {
    "name": "Zuderschl. BöW",
    "count": 6,
    "params": [
      1286,
      766
    ]
  },
  {
    "name": "Mitterdf. Gott. (Slow.)",
    "count": 6,
    "params": [
      109
    ]
  },
  {
    "name": "Schönt. Egerld.",
    "count": 7,
    "params": [
      1031,
      700
    ]
  },
  {
    "name": "Adamsfreiheit SBö.",
    "count": 8,
    "params": [
      19479,
      577
    ]
  },
  {
    "name": "Abstall Slow.",
    "count": 8,
    "params": [
      279
    ]
  },
  {
    "name": "Tusset BöW",
    "count": 8,
    "params": [
      1235,
      750
    ]
  },
  {
    "name": "Waltrowitz SMä.",
    "count": 8,
    "params": [
      1289,
      767
    ]
  },
  {
    "name": "Weserau nöEgerl.",
    "count": 8,
    "params": [
      18992,
      735
    ]
  },
  {
    "name": "Schlackenwerth Egerl.",
    "count": 9,
    "params": [
      18942,
      688
    ]
  },
  {
    "name": "Lissowitz Wisch. [4o/1.]",
    "count": 9,
    "params": [
      614,
      537
    ]
  },
  {
    "name": "Kutscherau Wisch. [4o/2.]",
    "count": 9,
    "params": [
      564,
      512
    ]
  },
  {
    "name": "Tereschau Wisch. [4o/3.]",
    "count": 9,
    "params": [
      19588,
      450
    ]
  },
  {
    "name": "Hobitschau Wisch. [4o/4.]",
    "count": 9,
    "params": [
      450
    ]
  },
  {
    "name": "Pernau WUng. [3o/3.]",
    "count": 9,
    "params": [
      19994,
      304
    ]
  },
  {
    "name": "Fürwitz/? Egerl.",
    "count": 11,
    "params": [
      18824,
      526
    ]
  },
  {
    "name": "Bö.Budweis Bud. (verschrieben?)",
    "count": 11,
    "params": [
      351
    ]
  },
  {
    "name": "Schönbg. BöW",
    "count": 12,
    "params": [
      19007,
      750
    ]
  },
  {
    "name": "Mühlwd. STir.",
    "count": 12,
    "params": [
      19911,
      198
    ]
  },
  {
    "name": "Friedau Slow.",
    "count": 13,
    "params": [
      275
    ]
  },
  {
    "name": "Theusing Egerl.",
    "count": 15,
    "params": [
      1201,
      738
    ]
  },
  {
    "name": "Bö.Budweis Bud. (Tschech.)",
    "count": 16,
    "params": [
      351
    ]
  },
  {
    "name": "Lautsch Bö. (Tschech.)",
    "count": 17,
    "params": [
      19768,
      521
    ]
  },
  {
    "name": "Robaan/Roana Sieb.Gm. (It.)",
    "count": 17,
    "params": [
      224
    ]
  },
  {
    "name": "Romau SBö. [2o/2.]",
    "count": 17,
    "params": [
      966,
      329
    ]
  },
  {
    "name": "Podesdorf SBö.",
    "count": 17,
    "params": [
      633
    ]
  },
  {
    "name": "Grossdf. WUng. [2o/1.]",
    "count": 18,
    "params": [
      291
    ]
  },
  {
    "name": "Hartmanitz BöW",
    "count": 18,
    "params": [
      442
    ]
  },
  {
    "name": "Sieb.Gm., SI (It.)",
    "count": 19,
    "params": [
      160
    ]
  },
  {
    "name": "Einsiedl Egerl.",
    "count": 20,
    "params": [
      18605,
      91
    ]
  },
  {
    "name": "Marienbad Egerl.",
    "count": 22,
    "params": [
      552
    ]
  },
  {
    "name": "Romau SBö.",
    "count": 24,
    "params": [
      966,
      329
    ]
  },
  {
    "name": "Hossau Igl. (Tschech.)",
    "count": 27,
    "params": [
      18769,
      463
    ]
  },
  {
    "name": "Gottmannsgrün Egerl.",
    "count": 29,
    "params": [
      665
    ]
  },
  {
    "name": "Urspitz SMä.",
    "count": 29,
    "params": [
      19607,
      759
    ]
  },
  {
    "name": "Pernau WUng. [2o/2.]",
    "count": 30,
    "params": [
      19994,
      304
    ]
  },
  {
    "name": "Swonowitz Wisch. (Tschech.)",
    "count": 30,
    "params": [
      19585,
      670
    ]
  },
  {
    "name": "Krakau Egerl.",
    "count": 31,
    "params": [
      506
    ]
  },
  {
    "name": "Poppitz/A. SMä.",
    "count": 32,
    "params": [
      19521,
      639
    ]
  },
  {
    "name": "Neudek Egerld.",
    "count": 32,
    "params": [
      578
    ]
  },
  {
    "name": "Mähring Egerl.",
    "count": 33,
    "params": [
      695
    ]
  },
  {
    "name": "Wojkowitz SMä.",
    "count": 34,
    "params": [
      19626,
      784
    ]
  },
  {
    "name": "Stallek SMä.",
    "count": 34,
    "params": [
      725
    ]
  },
  {
    "name": "Ljetzan Dreiz.Gm. (It.)",
    "count": 34,
    "params": [
      185
    ]
  },
  {
    "name": "Lohhäuser Egerl.",
    "count": 37,
    "params": [
      374
    ]
  },
  {
    "name": "Manetin Egerl.",
    "count": 37,
    "params": [
      18847,
      551
    ]
  },
  {
    "name": "Pergine ObIt.",
    "count": 37,
    "params": [
      108
    ]
  },
  {
    "name": "Heinrichsgrün Egerl.",
    "count": 40,
    "params": [
      18860,
      445
    ]
  },
  {
    "name": "Kamporuwe/Camporovere Sieb.Gm. (It.)",
    "count": 41,
    "params": [
      224
    ]
  },
  {
    "name": "PBz.Podersam Egerl.",
    "count": 43,
    "params": [
      19806,
      632
    ]
  },
  {
    "name": "Klattau BöW",
    "count": 47,
    "params": [
      19419,
      490
    ]
  },
  {
    "name": "Fürstenhut BöW",
    "count": 49,
    "params": [
      18710,
      396
    ]
  },
  {
    "name": "Bösing Slwk.",
    "count": 49,
    "params": [
      317
    ]
  },
  {
    "name": "Limb. Slwk.",
    "count": 52,
    "params": [
      319
    ]
  },
  {
    "name": "Samnaun Schweiz",
    "count": 52,
    "params": [
      226
    ]
  },
  {
    "name": "Hobitschau Wisch. (Tschech.)",
    "count": 52,
    "params": [
      19398,
      450
    ]
  },
  {
    "name": "Gurdau SMä.",
    "count": 53,
    "params": [
      332,
      434
    ]
  },
  {
    "name": "Schiltern SMä.",
    "count": 54,
    "params": [
      687
    ]
  },
  {
    "name": "Grünau NÖ",
    "count": 55,
    "params": [
      19169,
      1622
    ]
  },
  {
    "name": "Frainspitz SMä.",
    "count": 57,
    "params": [
      19349,
      399
    ]
  },
  {
    "name": "Brunndf./Studenci Slow.",
    "count": 57,
    "params": [
      278
    ]
  },
  {
    "name": "Hochdf. Igl. (Tschech.)",
    "count": 58,
    "params": [
      435,
      463
    ]
  },
  {
    "name": "Bleist. Egerl.",
    "count": 60,
    "params": [
      19358,
      350
    ]
  },
  {
    "name": "Lochotin Egerl.",
    "count": 60,
    "params": [
      18835,
      539
    ]
  },
  {
    "name": "Falkenau Egerl.",
    "count": 60,
    "params": [
      18705,
      394
    ]
  },
  {
    "name": "Pernau WUng.",
    "count": 61,
    "params": [
      19994,
      304
    ]
  },
  {
    "name": "Mödlau SMä.",
    "count": 62,
    "params": [
      687,
      564
    ]
  },
  {
    "name": "Eisenstn. BöW",
    "count": 63,
    "params": [
      18696,
      386
    ]
  },
  {
    "name": "Nikolsb-g. SMä.",
    "count": 63,
    "params": [
      19488,
      596
    ]
  },
  {
    "name": "Strobnitz SBö.",
    "count": 67,
    "params": [
      583,
      730
    ]
  },
  {
    "name": "Tracht SMä.",
    "count": 67,
    "params": [
      1217,
      742
    ]
  },
  {
    "name": "Chodau Egerl.",
    "count": 67,
    "params": [
      18664,
      363
    ]
  },
  {
    "name": "Plan Egerl.",
    "count": 67,
    "params": [
      18907,
      629
    ]
  },
  {
    "name": "Puconci Slow.",
    "count": 69,
    "params": [
      281
    ]
  },
  {
    "name": "Eisgrub SMä.",
    "count": 78,
    "params": [
      19347,
      387
    ]
  },
  {
    "name": "Ragendf. WUng.",
    "count": 81,
    "params": [
      913,
      307
    ]
  },
  {
    "name": "Milowitz SMä.",
    "count": 82,
    "params": [
      676,
      561
    ]
  },
  {
    "name": "Frischau SMä.",
    "count": 84,
    "params": [
      19372,
      406
    ]
  },
  {
    "name": "Neudf. SBö.",
    "count": 84,
    "params": [
      18939,
      676
    ]
  },
  {
    "name": "Koleschowitz Egerl.",
    "count": 85,
    "params": [
      19757,
      496
    ]
  },
  {
    "name": "(Umg.) Neu-Bistritz SBö.",
    "count": 86,
    "params": [
      19479,
      577
    ]
  },
  {
    "name": "Tachau Egerl.",
    "count": 90,
    "params": [
      18985,
      732
    ]
  },
  {
    "name": "Totzau Egerl.",
    "count": 90,
    "params": [
      539
    ]
  },
  {
    "name": "Hirschenstand Egerl.",
    "count": 92,
    "params": [
      448
    ]
  },
  {
    "name": "Hals Egerl.",
    "count": 96,
    "params": [
      440
    ]
  },
  {
    "name": "Scheiben-Radisch Egerl.",
    "count": 97,
    "params": [
      18941,
      685
    ]
  },
  {
    "name": "Leskau Egerl.",
    "count": 98,
    "params": [
      18822,
      526
    ]
  },
  {
    "name": "Landek Egerl.",
    "count": 102,
    "params": [
      18813,
      515
    ]
  },
  {
    "name": "Czernowitz Brünn (Tschech.)",
    "count": 104,
    "params": [
      18648,
      359
    ]
  },
  {
    "name": "Chinitz-Tettau BöW",
    "count": 104,
    "params": [
      660
    ]
  },
  {
    "name": "Alberitz-Buchau Egerl.",
    "count": 112,
    "params": [
      19773,
      539
    ]
  },
  {
    "name": "Thierb. Egerl.",
    "count": 114,
    "params": [
      1203,
      578
    ]
  },
  {
    "name": "Grossdf. WUng. [2o/2.]",
    "count": 117,
    "params": [
      19983,
      291
    ]
  },
  {
    "name": "Luditz Egerl.",
    "count": 120,
    "params": [
      544
    ]
  },
  {
    "name": "Prahlitz SMä.",
    "count": 121,
    "params": [
      19523,
      644
    ]
  },
  {
    "name": "Vorder-Heuraffl SBö.",
    "count": 121,
    "params": [
      762
    ]
  },
  {
    "name": "Kladrau Egerl.",
    "count": 125,
    "params": [
      18789,
      489
    ]
  },
  {
    "name": "Gottschee/St. Gott. (Slow.)",
    "count": 125,
    "params": [
      125
    ]
  },
  {
    "name": "Saitz SMä.",
    "count": 127,
    "params": [
      19546,
      677
    ]
  },
  {
    "name": "Lissowitz Wisch. (Tschech.)",
    "count": 128,
    "params": [
      614,
      537
    ]
  },
  {
    "name": "Frain SMä.",
    "count": 135,
    "params": [
      19349,
      399
    ]
  },
  {
    "name": "Hinterhäuser BöW (Herk.)",
    "count": 138,
    "params": [
      1391,
      78
    ]
  },
  {
    "name": "Libin Egerl.",
    "count": 142,
    "params": [
      850,
      642
    ]
  },
  {
    "name": "Ma.Hilf SMä.",
    "count": 142,
    "params": [
      19517,
      634
    ]
  },
  {
    "name": "(Umg.) Punnau Egerl.",
    "count": 143,
    "params": [
      18810,
      513
    ]
  },
  {
    "name": "Schönwd. Egerld.",
    "count": 143,
    "params": [
      1033,
      702
    ]
  },
  {
    "name": "Aujezd Egerl.",
    "count": 144,
    "params": [
      1157,
      null
    ]
  },
  {
    "name": "Pettau Slow.",
    "count": 147,
    "params": [
      280
    ]
  },
  {
    "name": "Althart SMä.",
    "count": 148,
    "params": [
      324
    ]
  },
  {
    "name": "Unter-Tannowitz SMä.",
    "count": 148,
    "params": [
      19604,
      755
    ]
  },
  {
    "name": "Chlupitz SMä.",
    "count": 152,
    "params": [
      19405,
      461
    ]
  },
  {
    "name": "Gr.Sonntag Slow.",
    "count": 158,
    "params": [
      275
    ]
  },
  {
    "name": "Poletitz SBö.",
    "count": 158,
    "params": [
      635
    ]
  },
  {
    "name": "Holeischen Egerl.",
    "count": 161,
    "params": [
      412,
      457
    ]
  },
  {
    "name": "Gr.Rammerschl. SBö.",
    "count": 164,
    "params": [
      287,
      420
    ]
  },
  {
    "name": "Zwodau Egerl.",
    "count": 165,
    "params": [
      1367,
      797
    ]
  },
  {
    "name": "Tisch SBö.",
    "count": 166,
    "params": [
      1214,
      739
    ]
  },
  {
    "name": "Buschendf. SBö.",
    "count": 167,
    "params": [
      719
    ]
  },
  {
    "name": "Weissensulz Egerl.",
    "count": 169,
    "params": [
      771
    ]
  },
  {
    "name": "Hirschau BöW",
    "count": 169,
    "params": [
      584
    ]
  },
  {
    "name": "Gundrum Wisch. (Tschech.)",
    "count": 172,
    "params": [
      19389,
      433
    ]
  },
  {
    "name": "Amonsgrün Egerl.",
    "count": 174,
    "params": [
      28,
      332
    ]
  },
  {
    "name": "Gurwitz SMä.",
    "count": 175,
    "params": [
      19390,
      435
    ]
  },
  {
    "name": "Gereut Fersent. (It.)",
    "count": 177,
    "params": [
      19879,
      147
    ]
  },
  {
    "name": "Döschen SMä.",
    "count": 178,
    "params": [
      19345,
      373
    ]
  },
  {
    "name": "Kostelzen Egerl.",
    "count": 188,
    "params": [
      18797,
      504
    ]
  },
  {
    "name": "Grafengrün Egerl.",
    "count": 188,
    "params": [
      330
    ]
  },
  {
    "name": "Leitnowitz Bud. (Tschech.)",
    "count": 193,
    "params": [
      590,
      524
    ]
  },
  {
    "name": "Gottesgab Bö. (Tschech.)",
    "count": 195,
    "params": [
      19737,
      418
    ]
  },
  {
    "name": "Maxbg. BöW",
    "count": 196,
    "params": [
      584
    ]
  },
  {
    "name": "Pfefferschl. BöW",
    "count": 200,
    "params": [
      850,
      642
    ]
  },
  {
    "name": "Kornitz Mä. (Tschech.)",
    "count": 202,
    "params": [
      19761,
      503
    ]
  },
  {
    "name": "Dreihacken Egerl.",
    "count": 203,
    "params": [
      374
    ]
  },
  {
    "name": "Königswerth Egerl.",
    "count": 204,
    "params": [
      531,
      501
    ]
  },
  {
    "name": "Tieberschl. SBö.",
    "count": 204,
    "params": [
      427,
      462
    ]
  },
  {
    "name": "Schönb./A. Egerl.",
    "count": 207,
    "params": [
      695
    ]
  },
  {
    "name": "Garschönt. SMä.",
    "count": 212,
    "params": [
      248,
      395
    ]
  },
  {
    "name": "SI Wisch. (Tschech.)",
    "count": 214,
    "params": [
      19624,
      783
    ]
  },
  {
    "name": "Brunndf. Slow.",
    "count": 215,
    "params": [
      278
    ]
  },
  {
    "name": "Haidl/H. BöW",
    "count": 217,
    "params": [
      19037,
      798
    ]
  },
  {
    "name": "Eibenbg. Egerl.",
    "count": 225,
    "params": [
      427
    ]
  },
  {
    "name": "Drahowitz Egerl.",
    "count": 226,
    "params": [
      18782,
      478
    ]
  },
  {
    "name": "Mistlholz BöW",
    "count": 229,
    "params": [
      681,
      472
    ]
  },
  {
    "name": "Sehrlenz Igl. (Tschech.)",
    "count": 230,
    "params": [
      19568,
      711
    ]
  },
  {
    "name": "Schamers SBö.",
    "count": 232,
    "params": [
      993,
      682
    ]
  },
  {
    "name": "Jechnitz Egerl.",
    "count": 233,
    "params": [
      451,
      467
    ]
  },
  {
    "name": "Tarvis ObIt.",
    "count": 240,
    "params": [
      245
    ]
  },
  {
    "name": "Pernharz Egerl.",
    "count": 249,
    "params": [
      19797,
      619
    ]
  },
  {
    "name": "Netschetin Egerl.",
    "count": 249,
    "params": [
      19477,
      575
    ]
  },
  {
    "name": "Neulosimt. Egerl.",
    "count": 256,
    "params": [
      18959,
      702
    ]
  },
  {
    "name": "Duppau Egerl.",
    "count": 257,
    "params": [
      18837,
      539
    ]
  },
  {
    "name": "Huben/Daine Zarz (Slow.)",
    "count": 258,
    "params": [
      274
    ]
  },
  {
    "name": "Wolfsgrub BöW",
    "count": 264,
    "params": [
      1339,
      389
    ]
  },
  {
    "name": "Lusading Egerl.",
    "count": 267,
    "params": [
      18990,
      735
    ]
  },
  {
    "name": "cihana Egerl.",
    "count": 273,
    "params": [
      18963,
      706
    ]
  },
  {
    "name": "Engelhs. Egerl.",
    "count": 273,
    "params": [
      184,
      391
    ]
  },
  {
    "name": "Hirschbgn. BöW",
    "count": 273,
    "params": [
      19483,
      586
    ]
  },
  {
    "name": "Cilli Slow.",
    "count": 273,
    "params": [
      273
    ]
  },
  {
    "name": "Gratzen SBö.",
    "count": 276,
    "params": [
      301,
      428
    ]
  },
  {
    "name": "Friedbg. SBö.",
    "count": 305,
    "params": [
      405
    ]
  },
  {
    "name": "Huben Zarz (Slow.)",
    "count": 307,
    "params": [
      274
    ]
  },
  {
    "name": "Schlege Sieb.Gm. (It.)",
    "count": 309,
    "params": [
      230
    ]
  },
  {
    "name": "Grossdf. WUng.",
    "count": 315,
    "params": [
      291
    ]
  },
  {
    "name": "Schönt. Egerl.",
    "count": 322,
    "params": [
      1031,
      700
    ]
  },
  {
    "name": "Innergefild BöW",
    "count": 329,
    "params": [
      443,
      464
    ]
  },
  {
    "name": "Haid Egerl.",
    "count": 330,
    "params": [
      439
    ]
  },
  {
    "name": "Morbes Brünn (Tschech.)",
    "count": 337,
    "params": [
      701,
      567
    ]
  },
  {
    "name": "Christianbg. BöW",
    "count": 338,
    "params": [
      104,
      364
    ]
  },
  {
    "name": "Hosterschl. SBö.",
    "count": 348,
    "params": [
      427,
      462
    ]
  },
  {
    "name": "Maurenzen BöW",
    "count": 350,
    "params": [
      555
    ]
  },
  {
    "name": "Kutscherau Wisch. (Tschech.)",
    "count": 353,
    "params": [
      564,
      512
    ]
  },
  {
    "name": "Lichtenstn./T. Egerl.",
    "count": 380,
    "params": [
      19440,
      530
    ]
  },
  {
    "name": "Bö.Röhren BöW",
    "count": 391,
    "params": [
      19002,
      750
    ]
  },
  {
    "name": "Pöllandl Gott.",
    "count": 397,
    "params": [
      112
    ]
  },
  {
    "name": "Bergreichenstn. BöW",
    "count": 399,
    "params": [
      464
    ]
  },
  {
    "name": "SI Zarz (Slow.)",
    "count": 428,
    "params": [
      274
    ]
  },
  {
    "name": "Ullrichsgrün Egerl.",
    "count": 491,
    "params": [
      18828,
      534
    ]
  },
  {
    "name": "Gr.Olkowitz SMä.",
    "count": 503,
    "params": [
      1437,
      419
    ]
  },
  {
    "name": "Dürnholz SMä.",
    "count": 541,
    "params": [
      145,
      378
    ]
  },
  {
    "name": "Rosenbg. SBö.",
    "count": 549,
    "params": [
      970,
      667
    ]
  },
  {
    "name": "Königsbg. Egerl.",
    "count": 572,
    "params": [
      529,
      498
    ]
  },
  {
    "name": "Grödig Sa.",
    "count": 592,
    "params": [
      703,
      2384
    ]
  },
  {
    "name": "Kaplitz SBö.",
    "count": 616,
    "params": [
      475
    ]
  },
  {
    "name": "Repeschin BöW",
    "count": 625,
    "params": [
      19545,
      675
    ]
  },
  {
    "name": "Umg.Bergreichenstn. BöW",
    "count": 628,
    "params": [
      19357,
      610
    ]
  },
  {
    "name": "Irritz SMä.",
    "count": 643,
    "params": [
      19409,
      465
    ]
  },
  {
    "name": "Neuern BöW",
    "count": 683,
    "params": [
      735,
      null
    ]
  },
  {
    "name": "Frauent. BöW",
    "count": 690,
    "params": [
      18982,
      731
    ]
  },
  {
    "name": "Dreiz.Gm., SI (It.)",
    "count": 690,
    "params": [
      185
    ]
  },
  {
    "name": "Heinrichsöd SBö.",
    "count": 694,
    "params": [
      19371,
      405
    ]
  },
  {
    "name": "Prachatitz BöW",
    "count": 709,
    "params": [
      19522,
      642
    ]
  },
  {
    "name": "Ma.Kulm Egerl.",
    "count": 716,
    "params": [
      19453,
      548
    ]
  },
  {
    "name": "Waltrowitz SMä. (Herk.)",
    "count": 721,
    "params": [
      1289,
      767
    ]
  },
  {
    "name": "Treskowitz SMä.",
    "count": 746,
    "params": [
      19595,
      743
    ]
  },
  {
    "name": "SI Tischelwang (It.)",
    "count": 749,
    "params": [
      251
    ]
  },
  {
    "name": "Nesselt. Gott. (Slow.)",
    "count": 778,
    "params": [
      127
    ]
  },
  {
    "name": "Grusb. SMä.",
    "count": 789,
    "params": [
      19387,
      430
    ]
  },
  {
    "name": "Muttersdf. Egerl.",
    "count": 840,
    "params": [
      19472,
      572
    ]
  },
  {
    "name": "Buchers SBö.",
    "count": 928,
    "params": [
      19589,
      737
    ]
  },
  {
    "name": "Gr.Pold WRum.",
    "count": 1076,
    "params": [
      18611,
      98
    ]
  },
  {
    "name": "Dt.Reichenau SBö.",
    "count": 1086,
    "params": [
      19582,
      730
    ]
  },
  {
    "name": "Wadetstift SBö. [2o/2.]",
    "count": 1094,
    "params": [
      19371,
      405
    ]
  },
  {
    "name": "Grafenried BöW",
    "count": 1096,
    "params": [
      19017,
      769
    ]
  },
  {
    "name": "Pleil Bö. (Tschech.)",
    "count": 1166,
    "params": [
      1202,
      630
    ]
  },
  {
    "name": "Nimlau Mä. (Tschech.)",
    "count": 1200,
    "params": [
      18886,
      597
    ]
  },
  {
    "name": "Kuttenplan Egerl.",
    "count": 1278,
    "params": [
      18807,
      513
    ]
  },
  {
    "name": "Deslawen Egerl.",
    "count": 1284,
    "params": [
      19699,
      89
    ]
  },
  {
    "name": "Fulnek Mä. (Tschech.)",
    "count": 1300,
    "params": [
      19733,
      409
    ]
  },
  {
    "name": "Graz St.",
    "count": 1308,
    "params": [
      19298,
      1373
    ]
  },
  {
    "name": "Smilau Igl. (Tschech.)",
    "count": 1417,
    "params": [
      1072,
      727
    ]
  },
  {
    "name": "Stuben BöW",
    "count": 1448,
    "params": [
      19494,
      607
    ]
  },
  {
    "name": "Joslowitz SMä.",
    "count": 1459,
    "params": [
      463,
      469
    ]
  },
  {
    "name": "Pratsch SMä.",
    "count": 1512,
    "params": [
      19524,
      645
    ]
  },
  {
    "name": "Sorgent. Bö. (Tschech.)",
    "count": 1515,
    "params": [
      20011,
      721
    ]
  },
  {
    "name": "Pfraumbg. Egerl.",
    "count": 1572,
    "params": [
      733,
      null
    ]
  },
  {
    "name": "Absroth Egerl.",
    "count": 1591,
    "params": [
      19562,
      696
    ]
  },
  {
    "name": "Schindelhöf Bud. (Tschech.)",
    "count": 1700,
    "params": [
      590,
      524
    ]
  },
  {
    "name": "Lagau SBö.",
    "count": 1765,
    "params": [
      18912,
      633
    ]
  },
  {
    "name": "Marb-g. Slow.",
    "count": 1804,
    "params": [
      278
    ]
  },
  {
    "name": "Nýrany [Nürschan",
    "count": 1889,
    "params": [
      761,
      599
    ]
  },
  {
    "name": "Oberplan BöW",
    "count": 1931,
    "params": [
      19494,
      607
    ]
  },
  {
    "name": "St.Johann WUng.",
    "count": 2039,
    "params": [
      19998,
      311
    ]
  },
  {
    "name": "Asch Egerl.",
    "count": 2230,
    "params": [
      18630,
      335
    ]
  },
  {
    "name": "Stadln BöW",
    "count": 2304,
    "params": [
      18980,
      731
    ]
  },
  {
    "name": "Sangerbg. Egerl.",
    "count": 2520,
    "params": [
      19549,
      679
    ]
  },
  {
    "name": "Simmersdf. Igl. (Tschech.)",
    "count": 2565,
    "params": [
      1067,
      714
    ]
  },
  {
    "name": "(Umg.) Mals STir.",
    "count": 2714,
    "params": [
      19778,
      549
    ]
  },
  {
    "name": "Kuschwarda BöW",
    "count": 2819,
    "params": [
      563,
      511
    ]
  },
  {
    "name": "Neumark BöW",
    "count": 3172,
    "params": [
      18874,
      584
    ]
  },
  {
    "name": "Umg.Graz St.",
    "count": 3748,
    "params": [
      19298,
      1373
    ]
  },
  {
    "name": "Sirb Egerl.",
    "count": 3866,
    "params": [
      19571,
      715
    ]
  },
  {
    "name": "Hüttenhf. BöW ^#^# ON/Gm.?",
    "count": 3980,
    "params": [
      705
    ]
  },
  {
    "name": "Schöllschitz Brünn (Tschech.)",
    "count": 5350,
    "params": [
      1024,
      692
    ]
  },
  {
    "name": "Weident. WRum.",
    "count": 5644,
    "params": [
      19041,
      100
    ]
  },
  {
    "name": "Rosent. SBö.",
    "count": 5681,
    "params": [
      19542,
      668
    ]
  },
  {
    "name": "Mies/M. Egerl.",
    "count": 5813,
    "params": [
      18862,
      559
    ]
  },
  {
    "name": "Plan Egerld.",
    "count": 6902,
    "params": [
      18907,
      629
    ]
  },
  {
    "name": "Dobrzan Egerld.",
    "count": 7692,
    "params": [
      19362,
      371
    ]
  },
  {
    "name": "Oschelin Egerl.",
    "count": 7707,
    "params": [
      815,
      611
    ]
  },
  {
    "name": "Kumrowitz Brünn (Tschech.)",
    "count": 8814,
    "params": [
      359
    ]
  },
  {
    "name": "Gr.Tajax SMä.",
    "count": 9183,
    "params": [
      321,
      423
    ]
  },
  {
    "name": "Tullnitz SMä.",
    "count": 9729,
    "params": [
      19597,
      746
    ]
  },
  {
    "name": "Sonnbg. SBö.",
    "count": 10232,
    "params": [
      1078,
      719
    ]
  },
  {
    "name": "Königswerth Egerld.",
    "count": 13500,
    "params": [
      531,
      501
    ]
  },
  {
    "name": "Hohenfurth SBö.",
    "count": 14330,
    "params": [
      18758,
      456
    ]
  },
  {
    "name": "Plattetschl. BöW",
    "count": 17024,
    "params": [
      862,
      635
    ]
  },
  {
    "name": "(Leimsgrub u. Moarhäuser in Gm.) Schönbg. BöW",
    "count": 31125,
    "params": [
      19007,
      750
    ]
  }
]