{
    "type" : "jdbc",
    "jdbc" : {
        "url" : "jdbc:mysql://localhost:3306/dboe_1",
        "user" : "root",
        "password" : "exploreat16",
        "sql" :  "SELECT lemma.dbo as dbo, belegzettel_beleg.beleg as beleg, belegzettel.quelle as quelle, belegzettel.lade as lade, belegzettel.belegjahr as belegjahr, belegzettel.lokation as lokation, belegzettel_beleg_bedeutung.bedeutung as bedeutung FROM belegzettel_beleg_bedeutung_liste inner join belegzettel_beleg ON belegzettel_beleg.id = belegzettel_beleg_bedeutung_liste.beleg_id INNER JOIN belegzettel_beleg_bedeutung ON belegzettel_beleg_bedeutung.id = belegzettel_beleg_bedeutung_liste.beleg_bedeutung_id inner join belegzettel on belegzettel_beleg.belegzettel_id = belegzettel.id inner join lemma on belegzettel_beleg.hauptlemma_id = lemma.id",
        "index" : "dboe-beleg_bedeutung_lemma_v11",
        "type" : "beleg_bedeutung_lemma",
        "type_mapping": {
            "beleg_bedeutung_lemma_v11" : {
                "properties" : {
                    "belegjahr" : {
                        "type" : "date",
                        "format": "year",
                        "index": "not_analyzed"
                    }
                }
            }
        },
        "ignore_null_values" : "true",
        "fetchsize" : "min",
        "treat_binary_as_string" : false,
        "max_bulk_actions" : 20000,
        "max_concurrent_bulk_requests" : 10,
        "metrics" : {
            "enabled" : true,
            "logger" : {
                "plain" : true,
                "json" : true
            },
            "interval" : "1s"
        },
        "elasticsearch" : {
            "cluster" : "exploreat",
            "autodiscover" : true
        }
    }
}