{
    "type" : "jdbc",
    "jdbc" : {
        "url" : "jdbc:mysql://localhost:3306/dboe_1",
        "user" : "root",
        "password" : "exploreat16",
        "sql" :  "select id as _id, dbo as dbo, lemma_wortart_id, lemma_sprache_id, lemma_kategorie_id from lemma",
        "index" : "dboe",
        "type" : "lemma",
        "ignore_null_values" : "true",
        "fetchsize" : "min",
        "treat_binary_as_string" : false,
        "max_bulk_actions" : 20000,
        "max_concurrent_bulk_requests" : 10,
        "metrics" : {
            "enabled" : true,
            "logger" : {
                "plain" : true,
                "json" : true
            },
            "interval" : "1s"
        },
        "elasticsearch" : {
            "cluster" : "elasticsearch_alexb",
            "autodiscover" : true
        }
    }
}